{"type": "block", "layer": 1, "block": 54, "features": [{"geom": {"polygons": [[[[68588.66903415322, -50949.45889386907], [68618.07964362018, -50952.259220751], [68616.12042058259, -50972.65849327948], [68586.70981111564, -50969.836633143015], [68588.66903415322, -50949.45889386907]]]], "centroids": [[68602.3972809203, -50961.05367386993, 188.74774169921875]], "h": 30.0}, "mtl": {"idx": 0, "edge": 75}}, {"geom": {"polygons": [[[[68523.88109051157, -51732.7769940868], [68545.68857875839, -51734.80163305439], [68542.91672343761, -51764.58960875217], [68521.10923519079, -51762.56497787684], [68523.88109051157, -51732.7769940868]]]], "centroids": [[68533.39890649356, -51748.68330331147, 188.46253967285156]], "h": 30.0}, "mtl": {"idx": 0, "edge": 81}}, {"geom": {"polygons": [[[[68190.89109770115, -51853.04820987489], [68214.22366297152, -51854.49128036946], [68210.78389070649, -51893.41100153886], [68187.44019348733, -51891.32179090008], [68190.89109770115, -51853.04820987489]]]], "centroids": [[68200.86616806872, -51873.07993435208, 187.71714782714844]], "h": 30.0}, "mtl": {"idx": 0, "edge": 100}}, {"geom": {"polygons": [[[[61317.246499689296, -50737.578801009804], [61314.45238047093, -50736.1139725605], [61311.56920565851, -50733.87364614289], [61308.14056534227, -50730.3623639578], [61305.36871002149, -50726.7433719961], [61302.54119495582, -50721.74571354687], [61300.88253454305, -50716.57571851555], [61299.91405497212, -50710.28555305768], [61299.95858276915, -50705.18017513398], [61300.34820098616, -50698.502249360085], [61301.5504514873, -50694.064656663686], [61303.88816079404, -50689.88556210045], [61306.248133999296, -50685.921882608905], [61308.60810720362, -50683.03528861515], [61311.01260820497, -50680.83802974969], [61313.517296747304, -50679.739400072955], [61315.96632554475, -50679.136230767705], [61318.4153543422, -50679.222397814505], [61322.18908508029, -50679.71785831265], [61325.773572684266, -50680.751862720586], [61329.10202545859, -50683.18608086649], [61332.28576289583, -50686.43888440449], [61335.625347618945, -50691.22114927601], [61337.729285995476, -50694.60319961049], [61339.154175478034, -50697.85599816032], [61340.122655047104, -50702.01354656182], [61340.70151639916, -50707.33434346132], [61340.59019690752, -50712.31046991516], [61340.50114131626, -50719.07454989571], [61339.477002000436, -50722.822795392945], [61337.540042861365, -50727.152662843466], [61334.244985933416, -50732.19340088591], [61331.95180442277, -50735.187683834694], [61329.012969866395, -50737.10488595441], [61325.61772539746, -50738.440464667045], [61321.57682788093, -50738.591255798005], [61317.246499689296, -50737.578801009804]]]], "centroids": [[61320.41892626975, -50708.78689833358, 192.1994171142578]], "h": 30.0}, "mtl": {"idx": 0, "edge": 71}}, {"geom": {"polygons": [[[[65433.3737273626, -50754.29505819548], [65432.63901872374, -50726.54949737899], [65449.147699208, -50726.11866487563], [65449.88240784686, -50753.86422729213], [65433.3737273626, -50754.29505819548]]]], "centroids": [[65441.26071336493, -50740.206861927174, 188.43507385253906]], "h": 30.0}, "mtl": {"idx": 0, "edge": 11}}, {"geom": {"polygons": [[[[68586.84339450393, -54190.19757549744], [68588.09017280024, -54222.27960925829], [68556.40864572208, -54223.506905794144], [68555.16186742391, -54191.44640892558], [68586.84339450393, -54190.19757549744]]]], "centroids": [[68571.62778761331, -54206.85748516861, 186.958740234375]], "h": 30.0}, "mtl": {"idx": 0, "edge": 9}}, {"geom": {"polygons": [[[[65558.66381425038, -49918.67323135305], [65585.5363393277, -49916.86353842914], [65592.10418928508, -50009.13577326015], [65565.23166420776, -50011.2255117828], [65558.66381425038, -49918.67323135305]]]], "centroids": [[65575.37765367888, -49963.98067806102, 188.98362731933594]], "h": 30.0}, "mtl": {"idx": 0, "edge": 29}}, {"geom": {"polygons": [[[[69054.75261015538, -54588.198805537075], [69053.86205422878, -54615.65009477269], [69026.56651508622, -54614.76734900568], [69027.45707101282, -54587.29452605359], [69054.75261015538, -54588.198805537075]]]], "centroids": [[69040.65778281353, -54601.477577035315, 179.97462463378906]], "h": 30.0}, "mtl": {"idx": 0, "edge": 35}}, {"geom": {"polygons": [[[[68998.02419764735, -54545.202347700484], [68997.64571137913, -54571.383495284244], [68956.73579851259, -54570.80217145942], [68957.1254167296, -54544.59949124418], [68998.02419764735, -54545.202347700484]]]], "centroids": [[68977.3799499115, -54557.99741259683, 180.8186492919922]], "h": 30.0}, "mtl": {"idx": 0, "edge": 53}}, {"geom": {"polygons": [[[[68338.05546453036, -51162.10841421038], [68351.97040087916, -51162.97002877295], [68350.73475453164, -51183.23948253319], [68336.80868623313, -51182.37787032034], [68338.05546453036, -51162.10841421038]]]], "centroids": [[68344.39220472518, -51172.67529215664, 188.04234313964844]], "h": 30.0}, "mtl": {"idx": 0, "edge": 94}}, {"geom": {"polygons": [[[[64980.45924712252, -49678.15257092379], [65006.875362287275, -49680.02695578709], [65005.08311848529, -49705.255699276924], [64978.6670033196, -49703.381320759654], [64980.45924712252, -49678.15257092379]]]], "centroids": [[64992.77118225582, -49691.704136612825, 192.1060791015625]], "h": 30.0}, "mtl": {"idx": 0, "edge": 110}}], "featureCount": 11, "startIndex": 2700}