{"type": "block", "layer": 3, "block": 8, "features": [{"geom": {"lines": [[64495.38456598949, -51102.2259582188, 194.8820343017578, 64638.02936149202, -51102.721390584484, 194.81809997558594]]}, "mtl": {"idx": 0}}, {"geom": {"lines": [[66523.19154222868, -51440.253958187066, 189.4473419189453, 66527.92262058798, -51378.90903574694, 189.2576904296875]]}, "mtl": {"idx": 0}}, {"geom": {"lines": [[64236.73372913152, -51214.925202534534, 194.16827392578125, 64144.015725250356, -51217.380786356516, 193.95314025878906, 64096.23739980161, -51222.8304563351, 193.81680297851562, 64067.81753380224, -51231.9634911539, 193.69801330566406, 64047.81342130713, -51226.85847071186, 193.68206787109375, 64032.11737310421, -51215.980672871694, 193.71458435058594, 64020.42882657144, -51211.52184817847, 193.71768188476562, 64009.18555800151, -51209.346285402775, 193.7078399658203, 63994.51364911534, -51212.081893940456, 193.6582489013672, 63967.32942946255, -51219.21170359198, 193.54959106445312, 63918.17074232828, -51239.61024518963, 193.28573608398438, 63807.185210008174, -51303.56264978275, 192.45350646972656, 63754.60901450552, -51340.13740572054, 191.94712829589844, 63695.77666362189, -51390.820501565, 191.2340087890625, 63648.98908164073, -51445.91886059102, 191.05807495117188, 63590.156730758026, -51518.89448055811, 190.97010803222656, 63553.14300006814, -51571.51488695387, 190.8953857421875, 63501.89150650706, -51644.316964956, 190.850341796875, 63392.93198891822, -51799.02978795115, 190.9783935546875, 63319.92866685614, -51891.558711724356, 191.3086395263672, 63249.88644324988, -51974.86822143942, 192.11163330078125, 63234.64680495951, -52002.50144407619, 192.30166625976562, 63205.77052904852, -52027.377718178555, 192.6836395263672, 63161.62121899985, -52060.09366131108, 193.27061462402344, 63138.46676491387, -52072.2409531977, 193.5822296142578]]}, "mtl": {"idx": 0}}, {"geom": {"lines": [[63444.305933918804, -51091.00332927611, 195.8443603515625, 63437.18148650881, -51106.66330779996, 195.7702178955078, 63415.2404148737, -51117.605886737816, 195.836181640625, 63392.17501638178, -51141.34347319603, 195.8203125, 63368.27472170815, -51185.58737531677, 195.67416381835938, 63359.51387778204, -51225.070635725744, 195.46127319335938, 63346.72326829005, -51257.208519722335, 195.33860778808594, 63340.322397570126, -51279.868660227396, 195.23475646972656, 63342.64897492714, -51297.89763913397, 195.09095764160156, 63350.986804788, -51319.41604071483, 194.8699951171875, 63363.699490635656, -51332.08149727527, 194.66970825195312, 63387.666577003896, -51335.441716829315, 194.43414306640625, 63412.92496946547, -51334.601662081666, 194.21730041503906, 63445.9645943325, -51332.83539282065, 193.93948364257812, 63461.17083677463, -51337.29414491169, 193.76995849609375, 63467.23774902336, -51344.89771115966, 193.65525817871094, 63475.19709261507, -51362.215719774365, 193.44407653808594, 63489.5127791306, -51425.84397790581, 192.79086303710938, 63506.655980712734, -51476.24647776969, 192.20315551757812, 63511.49837856274, -51486.262318541296, 192.06988525390625, 63521.550528581254, -51494.61961193103, 191.89627075195312, 63537.20204898622, -51503.644616690464, 191.65744018554688, 63549.7143597519, -51508.38327829633, 191.4864044189453, 63566.122852695175, -51509.67564002983, 191.30435180664062, 63577.065558640286, -51510.106427226216, 191.1865997314453, 63583.366241818294, -51515.92205191217, 191.0682830810547, 63590.156730758026, -51518.89448055811, 190.97010803222656]]}, "mtl": {"idx": 0}}, {"geom": {"lines": [[64412.13985077385, -51139.14634949528, 194.7196502685547, 64235.676193970256, -51149.95963831805, 194.43406677246094, 64137.92654910404, -51142.74360070657, 194.32656860351562]]}, "mtl": {"idx": 0}}, {"geom": {"lines": [[63623.908800366335, -51075.860292605124, 194.7958984375, 63641.08539779484, -51127.70837152563, 194.1871337890625, 63709.98103064671, -51325.72723179497, 191.9305877685547]]}, "mtl": {"idx": 0}}, {"geom": {"lines": [[65909.98812719528, -51396.614679683, 187.4916229248047, 65971.97081966884, -51399.04866394121, 187.72061157226562, 65975.83360599913, -51325.684152008034, 187.7276153564453]]}, "mtl": {"idx": 0}}, {"geom": {"lines": [[65744.57849582471, -51733.466232947074, 186.49354553222656, 65705.26045167632, -51618.4701548079, 186.4335479736328, 65698.55901833065, -51553.960433293134, 186.49102783203125, 65691.34551532753, -51503.084592849016, 186.53143310546875]]}, "mtl": {"idx": 0}}, {"geom": {"lines": [[64410.013648500666, -51368.31147691142, 194.202880859375, 64288.786723027006, -51363.80966381729, 193.75303649902344, 64271.43201441225, -51349.24875691254, 193.7416534423828, 64237.43504192401, -51332.684613714926, 193.68605041503906]]}, "mtl": {"idx": 0}}, {"geom": {"lines": [[63758.58312032744, -51021.66390915215, 194.9179229736328, 63726.91272519715, -51055.50438400358, 194.58914184570312, 63713.14250418544, -51072.155305973254, 194.42001342773438, 63778.98798298929, -51261.96887815464, 192.74188232421875]]}, "mtl": {"idx": 0}}, {"geom": {"lines": [[64634.066387620755, -51039.11191347148, 194.8556671142578, 64638.02936149202, -51102.721390584484, 194.81809997558594, 64641.7363005355, -51141.666579565965, 194.78305053710938]]}, "mtl": {"idx": 0}}, {"geom": {"lines": [[65705.26045167632, -51618.4701548079, 186.4335479736328, 65844.69924584404, -51605.80518509913, 187.12318420410156, 65882.08033085242, -51596.220287251286, 187.30734252929688, 65909.09757126868, -51595.55257480778, 187.43638610839844]]}, "mtl": {"idx": 0}}, {"geom": {"lines": [[65698.55901833065, -51553.960433293134, 186.49102783203125, 65850.5212552119, -51566.087011221796, 187.17420959472656, 65890.58513994887, -51568.6932536345, 187.35784912109375, 65909.09757126868, -51595.55257480778, 187.43638610839844, 66021.04045120999, -51598.546510783024, 187.97100830078125]]}, "mtl": {"idx": 0}}, {"geom": {"lines": [[64393.46044021938, -51396.63621937111, 194.0706787109375, 64410.013648500666, -51368.31147691142, 194.202880859375, 64412.13985077385, -51139.14634949528, 194.7196502685547, 64417.282811248675, -51102.16133660544, 194.80670166015625, 64435.45015214663, -51053.414938383736, 194.92013549804688, 64461.732683923095, -51040.81363022141, 194.952880859375]]}, "mtl": {"idx": 0}}, {"geom": {"lines": [[64496.88737911545, -51152.996834149584, 194.81732177734375, 64495.38456598949, -51102.2259582188, 194.8820343017578, 64495.21758675389, -51092.489628515206, 194.89474487304688, 64491.822342284955, -51077.1096481476, 194.91270446777344, 64482.97244276665, -51059.295541564934, 194.9324493408203, 64461.732683923095, -51040.81363022141, 194.952880859375]]}, "mtl": {"idx": 0}}, {"geom": {"lines": [[64235.676193970256, -51149.95963831805, 194.43406677246094, 64236.73372913152, -51214.925202534534, 194.16827392578125, 64231.34586577676, -51233.535922908224, 194.07882690429688, 64237.43504192401, -51332.684613714926, 193.68605041503906, 64253.72108342685, -51360.427917267196, 193.63328552246094, 64246.10683025606, -51402.495011973195, 193.43580627441406]]}, "mtl": {"idx": 0}}, {"geom": {"lines": [[63818.04999230895, -50975.911170432344, 195.31895446777344, 63816.89226960484, -50994.13475257531, 195.16171264648438, 63815.901526136324, -51022.030102255754, 194.92022705078125, 63811.760441079736, -51041.50293310266, 194.75022888183594, 63812.62873310782, -51062.22507108748, 194.57022094726562, 63824.05011286307, -51092.64041247964, 194.31546020507812, 63868.355270198546, -51204.327410436235, 193.44931030273438]]},